url_path,views_total,views_unique
/supertokens/supertokens-core,383,246
/supertokens/supertokens-core/pull/302,73,5
/supertokens/supertokens-core/issues,39,22
/supertokens/supertokens-core/tree/master/src,32,25
/supertokens/supertokens-core/pulls,29,11
/supertokens/supertokens-core/tree/master/src/main/java/io/supertokens,28,22
/supertokens/supertokens-core/stargazers,27,19
/supertokens/supertokens-core/pull/307,27,3
/supertokens/supertokens-core/issues/242,25,21
/supertokens/supertokens-core/pull/302/files,22,2
